Words;Repetitions
of;631
or;312
for;241
on;146
work;133
skills;133
will;129
technology;123
software;101
is;100
data;96
systems;95
management;92
an;87
working;70
project;70
required;68
have;66
solutions;58
design;57
Must;57
degree;55
You;53
projects;47
information;47
computer;45
Computer;44
at;43
Science;42
ensure;41
Strong;41
teams;40
client;40
Preferred;40
able;39
tools;38
service;38
within;36
using;36
Engineering;36
processes;34
our;34
Excellent;34
Microsoft;33
understanding;32
training;32
performance;32
assigned;32
Data;32
research;30
must;30
complex;30
services;29
leadership;29
staff;28
Management;28
your;27
security;27
also;27
Work;27
troubleshooting;26
process;26
needed;26
end;26
Required;26
this;25
products;25
product;25
plus;25
tasks;24
strong;24
provide;24
objectives;24
delivery;24
testing;23
resources;23
network;23
implementation;23
effective;23
developing;23
through;22
practices;22
not;22
multiple;22
manage;22
Technical;22
Python;22
Bachelor;22
web;21
use;21
science;21
independently;21
detail;21
role;20
professional;20
customers;20
Lead;20
relationships;19
department;19
create;19
Provides;19
strategic;18
planning;18
oriented;18
o;18
members;18
internal;18
effectively;18
cross;18
but;18
Perform;18
Demonstrated;18
students;17
student;17
stakeholders;17
learn;17
languages;17
into;17
best;17
agile;17
about;17
Support;17
Excel;17
solving;16
maintenance;16
infrastructure;16
education;16
building;16
Skills;16
Degree;16
Analyst;16
least;15
large;15
help;15
fast;15
college;15
classroom;15
Windows;15
Performs;15
As;15
self;14
platforms;14
operations;14
include;14
control;14
architecture;14
apply;14
C;14
Apple;14
users;13
troubleshoot;13
timely;13
supporting;13
reporting;13
opportunities;13
maintains;13
key;13
internship;13
good;13
functions;13
expertise;13
email;13
desktop;13
current;13
analytical;13
Participate;13
MS;13
Demonstrates;13
Assist;13
reports;12
progress;12
oral;12
managing;12
implement;12
g;12
drive;12
configuration;12
computing;12
We;12
QA;12
Network;12
JavaScript;12
variety;11
range;11
possess;11
policies;11
media;11
levels;11
innovative;11
highly;11
financial;11
external;11
do;11
depth;11
build;11
basic;11
attention;11
Technician;11
Programming;11
Marketing;11
Manager;11
Google;11
Agile;11
user;10
under;10
trends;10
solve;10
portfolio;10
personal;10
organized;10
non;10
looking;10
long;10
lifecycle;10
individual;10
global;10
files;10
driven;10
decisions;10
database;10
compliance;10
associated;10
University;10
Specialist;10
Senior;10
Responsibilities;10
Digital;10
Basic;10
Analyze;10
video;9
university;9
status;9
similar;9
over;9
ongoing;9
leaders;9
energy;9
employee;9
campus;9
audio;9
approaches;9
access;9
Web;9
Some;9
Requires;9
Public;9
Project;9
Previous;9
Minimum;9
Associate;9
valid;8
utilize;8
track;8
throughout;8
statistics;8
sales;8
professionals;8
production;8
privacy;8
person;8
participate;8
overall;8
office;8
models;8
inventory;8
intelligence;8
instructional;8
implementing;8
general;8
executive;8
execute;8
concepts;8
coding;8
class;8
change;8
candidates;8
basis;8
audiences;8
Summer;8
Job;8
Creative;8
Client;8
Certification;8
C#;8
Alarm;8
thorough;7
third;7
them;7
subject;7
setting;7
server;7
schedule;7
require;7
records;7
point;7
platform;7
personnel;7
methodology;7
manner;7
language;7
hiring;7
great;7
features;7
expectations;7
existing;7
especially;7
documents;7
discipline;7
different;7
deep;7
deadlines;7
cost;7
considered;7
components;7
closely;7
challenges;7
cell;7
budget;7
aspects;7
abilities;7
WordPress;7
System;7
S;7
PC;7
MySQL;7
Analytics;7
wireless;6
willing;6
where;6
vision;6
upgrades;6
three;6
they;6
these;6
so;6
reviews;6
resolution;6
purpose;6
proficiency;6
presenting;6
phone;6
peripherals;6
organizations;6
opportunity;6
obtain;6
modeling;6
model;6
matrixed;6
materials;6
making;6
lines;6
lift;6
lbs;6
junior;6
installations;6
has;6
get;6
faculty;6
experienced;6
engagements;6
during;6
developers;6
desired;6
desire;6
designing;6
curriculum;6
creation;6
continuous;6
completion;6
complete;6
collaboratively;6
cases;6
can;6
better;6
bank;6
automation;6
audit;6
administrative;6
achieve;6
United;6
Tools;6
Suite;6
Statistics;6
Solution;6
QUALIFICATIONS;6
Plans;6
Manufacturing;6
Ideal;6
IS;6
Global;6
Demonstrate;6
Court;6
Auburn;6
At;6
write;5
websites;5
validate;5
us;5
tool;5
tests;5
technological;5
state;5
starter;5
simultaneously;5
setup;5
resource;5
requested;5
report;5
protocols;5
protection;5
productivity;5
preparation;5
physical;5
peers;5
minimum;5
managers;5
major;5
leveraging;5
involved;5
includes;5
higher;5
group;5
given;5
five;5
execution;5
excellence;5
every;5
ensures;5
enhance;5
engineers;5
enable;5
employment;5
distributed;5
direct;5
diploma;5
delivering;5
cutting;5
coursework;5
corporate;5
contribute;5
concise;5
comfortable;5
combination;5
collaborative;5
calls;5
cabling;5
big;5
authorized;5
attitude;5
architectures;5
address;5
additional;5
Sales;5
Quality;5
Program;5
Plan;5
Operating;5
Media;5
IA;5
Genesys;5
Establish;5
Essential;5
Driver;5
District;5
Current;5
Citrix;5
Care;5
Bank;5
Architect;5
Adobe;5
Active;5
writing;4
weekend;4
ways;4
vehicle;4
utilizing;4
two;4
tracking;4
theoretical;4
talent;4
tables;4
supervisory;4
stay;4
specialized;4
sound;4
solid;4
social;4
small;4
shipment;4
sense;4
scientists;4
scalable;4
routine;4
right;4
response;4
request;4
repairs;4
repair;4
release;4
relationship;4
relational;4
regular;4
regarding;4
quarterly;4
qualifications;4
proposals;4
proper;4
prior;4
printers;4
presentations;4
post;4
passionate;4
ownership;4
output;4
no;4
modern;4
measured;4
market;4
manager;4
love;4
letter;4
less;4
interface;4
interactive;4
insurance;4
initial;4
influencing;4
influence;4
incidents;4
improvements;4
hands;4
frequently;4
focused;4
flows;4
feasibility;4
exceptional;4
events;4
evaluate;4
elements;4
electronic;4
electrical;4
effectiveness;4
disciplines;4
developer;4
demonstrating;4
definition;4
date;4
currently;4
criteria;4
creating;4
coordination;4
coordinate;4
controls;4
contact;4
consistent;4
comprehensive;4
colleagues;4
co;4
clean;4
channels;4
beyond;4
automated;4
authorization;4
analyzing;4
alignment;4
air;4
accuracy;4
accordance;4
V;4
UMS;4
U;4
Travel;4
Thorough;4
Telephony;4
Supports;4
Student;4
Reporting;4
Programmer;4
Product;4
PhD;4
Interim;4
Insurance;4
Instructor;4
General;4
Expertise;4
Enterprise;4
Email;4
Effectively;4
Eaton;4
DoD;4
Directory;4
Cycle;4
Currently;4
Construction;4
Connected;4
Configuration;4
Azure;4
week;3
weather;3
view;3
varying;3
tooling;3
temporary;3
templates;3
teamwork;3
tasking;3
superior;3
stakeholder;3
side;3
short;3
sharing;3
shared;3
several;3
seeking;3
scripts;3
running;3
root;3
resolving;3
requiring;3
releases;3
provides;3
proposal;3
property;3
profitability;3
proficient;3
private;3
prioritization;3
primary;3
preferable;3
practical;3
plants;3
pivot;3
per;3
parties;3
natural;3
multimedia;3
moving;3
modelling;3
middle;3
matters;3
many;3
logs;3
login;3
locations;3
live;3
lists;3
legal;3
legacy;3
laptop;3
keen;3
just;3
its;3
investments;3
interactions;3
interacting;3
integrations;3
input;3
industrial;3
increase;3
implemented;3
growing;3
governance;3
generating;3
gap;3
findings;3
find;3
file;3
few;3
feet;3
extensive;3
exercise;3
establish;3
essential;3
escalate;3
entire;3
enter;3
engage;3
emails;3
eServices;3
drivers;3
done;3
developmental;3
determining;3
designs;3
designers;3
delivered;3
decision;3
curious;3
creativity;3
corresponding;3
correct;3
continue;3
consultants;3
construction;3
connectivity;3
confidentiality;3
confidential;3
concerning;3
commercial;3
classes;3
cause;3
carry;3
bugs;3
back;3
assets;3
assessment;3
artifacts;3
apps;3
approved;3
agency;3
adherence;3
accreditations;3
accreditation;3
Willingness;3
Video;3
Utilize;3
Tester;3
Technicians;3
Solve;3
Smart;3
SCHOOL;3
Review;3
Report;3
Reliable;3
Promote;3
Personal;3
PREFERRED;3
Operational;3
OR;3
NSA;3
MongoDB;3
Monday;3
Master;3
Managing;3
Manages;3
Mac;3
MANAGEMENT;3
Leads;3
Leadership;3
Leaders;3
Keep;3
June;3
Internship;3
Intelligence;3
Includes;3
IRD;3
IBM;3
Honeywell;3
Highly;3
HR;3
Git;3
From;3
Friday;3
Flexibility;3
Factory;3
Evaluate;3
Enthusiasm;3
Effective;3
Drive;3
Document;3
Desktop;3
Desired;3
Designer;3
Dance;3
DNS;3
DHCP;3
Cybersecurity;3
Crestron;3
Coordinates;3
Communicate;3
Comfortable;3
B;3
Authority;3
Apply;3
Applications;3
Analysts;3
Account;3
would;2
workstations;2
worked;2
way;2
waterfall;2
voice;2
visualization;2
via;2
very;2
utilities;2
usage;2
typically;2
type;2
tuning;2
trained;2
totes;2
times;2
text;2
technically;2
task;2
synthesize;2
switches;2
style;2
structures;2
strongly;2
strict;2
strategists;2
standing;2
stand;2
spend;2
specs;2
specification;2
specifically;2
specialty;2
sourcing;2
someone;2
smart;2
significant;2
shoulder;2
shore;2
share;2
servicing;2
sensor;2
sensitive;2
sector;2
scalability;2
samples;2
safely;2
run;2
rules;2
routers;2
robust;2
rich;2
reviewed;2
restore;2
respective;2
resolved;2
residents;2
reportable;2
relocation;2
regression;2
regards;2
recruiting;2
recovery;2
real;2
reaching;2
ranging;2
quick;2
questions;2
publications;2
psychology;2
properly;2
proactively;2
prioritizing;2
previous;2
preventative;2
power;2
positions;2
popular;2
perpetual;2
pavement;2
party;2
paid;2
own;2
orally;2
optimization;2
online;2
oneself;2
offshore;2
obtaining;2
objects;2
novel;2
normal;2
news;2
negotiation;2
modalities;2
mind;2
millions;2
meets;2
medium;2
medical;2
manual;2
manipulate;2
manages;2
malware;2
look;2
location;2
loading;2
ll;2
lives;2
lifting;2
lieu;2
learner;2
latest;2
larger;2
lab;2
know;2
keyboard;2
jobs;2
investigation;2
internships;2
interests;2
interaction;2
intensive;2
intelligent;2
integrate;2
inside;2
innovate;2
initiative;2
initiation;2
important;2
implements;2
implementations;2
immunizations;2
images;2
identification;2
healthcare;2
heads;2
hard;2
generate;2
front;2
formal;2
focusing;2
floor;2
federal;2
families;2
facts;2
factors;2
expert;2
expect;2
expanded;2
excited;2
escalated;2
enthusiastic;2
encourage;2
embedded;2
eg;2
economics;2
due;2
documenting;2
division;2
dita;2
distribution;2
discuss;2
discretion;2
discovery;2
directly;2
diligent;2
diagnose;2
details;2
deploy;2
demand;2
delivers;2
define;2
curiosity;2
country;2
correctly;2
controlling;2
constantly;2
constant;2
consistently;2
consistency;2
configure;2
configurations;2
confidence;2
computational;2
complicated;2
completing;2
competing;2
compelling;2
common;2
committed;2
commitment;2
commerce;2
codecs;2
clearance;2
challenging;2
case;2
capital;2
capable;2
calculations;2
cadence;2
built;2
broader;2
brand;2
billable;2
benefit;2
below;2
backup;2
awareness;2
availability;2
automating;2
assays;2
approach;2
applicants;2
answer;2
analyzes;2
analytic;2
amount;2
alternatives;2
alongside;2
agreed;2
agility;2
affect;2
advancing;2
advance;2
adoption;2
adequately;2
adding;2
actionable;2
achievement;2
accept;2
XenDesktop;2
XML;2
Wordpress;2
With;2
Will;2
WAN;2
Visualization;2
VDI;2
Utilization;2
User;2
US;2
Trainee;2
Testing;2
TCP;2
Swift;2
State;2
Standards;2
Sr;2
Specialists;2
Special;2
Social;2
Sketch;2
Sensormatic;2
School;2
STEAM;2
SOAP;2
SKILLS;2
SGML;2
Robotics;2
Risk;2
Represent;2
Reliability;2
Regulations;2
Reasoning;2
Reality;2
REST;2
Quick;2
Prof;2
Productivity;2
Proactively;2
Print;2
Power;2
Polycom;2
Places;2
Placer;2
Pig;2
Physical;2
Participates;2
Part;2
Panels;2
PHYSICAL;2
PCs;2
Owner;2
Optimize;2
Ops;2
Operates;2
OneDrive;2
Officer;2
OSX;2
Node;2
Networking;2
NO;2
Music;2
Multimedia;2
Monitors;2
Minecraft;2
Micro;2
MetOpera;2
Mentor;2
Mathematical;2
Masters;2
M;2
Languages;2
LNAPL;2
LAN;2
Knowledgeable;2
KNOWLEDGE;2
Justice;2
Junior;2
Investigation;2
Intrusion;2
International;2
Intermediate;2
Infrastructure;2
Image;2
IIS;2
IATO;2
Helpdesk;2
Health;2
GitHub;2
Frequently;2
Formulate;2
Firm;2
Federal;2
Executive;2
Execute;2
Establishes;2
Enjoy;2
Engagement;2
Educational;2
ENGINEER;2
EJB;2
EDUCATION;2
Duties;2
Domain;2
Directors;2
Direct;2
Device;2
DevOps;2
Description;2
Demonstrable;2
Delegate;2
Deal;2
DN;2
Cross;2
Corp;2
Consultant;2
Composer;2
Complies;2
Commercial;2
College;2
Citizen;2
Chrome;2
CNC;2
CIPP;2
CAD;2
Burglar;2
Brooklyn;2
Bring;2
Biology;2
Big;2
Bachelors;2
Audit;2
Assistance;2
Assemble;2
Architecture;2
Application;2
Annual;2
Analytical;2
All;2
Adapt;2
Accreditation;2
AWS;2
ATO;2
APIGEE;2
zones;1
zoned;1
workrooms;1
word;1
whole;1
white;1
whilst;1
welcomed;1
weeks;1
weekly;1
website;1
weaknesses;1
warehouses;1
walk;1
vulnerabilities;1
volunteers;1
vocational;1
visually;1
visualize;1
visible;1
visas;1
vertical;1
versus;1
versioning;1
versed;1
verification;1
varied;1
values;1
usually;1
useful;1
usability;1
urgency;1
upcoming;1
universities;1
units;1
uniformly;1
uncovering;1
unauthorized;1
typography;1
twist;1
trusted;1
trials;1
transforming;1
transformations;1
transferrable;1
transactions;1
transaction;1
transacting;1
trainings;1
trainer;1
trade;1
tracked;1
totals;1
total;1
topics;1
too;1
together;1
title;1
timelines;1
timekeeping;1
timeframe;1
ticketing;1
throughput;1
threading;1
thick;1
thereof;1
therapy;1
theory;1
then;1
tested;1
terminations;1
termination;1
telecom;1
taught;1
targeting;1
target;1
tailored;1
tactical;1
t;1
swri;1
switching;1
sustainable;1
sure;1
supplying;1
summaries;1
suitability;1
succeed;1
subsidiary;1
subsequent;1
submitted;1
subjects;1
subjective;1
study;1
strengths;1
strengthening;1
strengthen;1
strategist;1
stories;1
stored;1
stoop;1
steer;1
statements;1
staffs;1
staffing;1
stacks;1
spring;1
spread;1
sport;1
sponsors;1
specialize;1
specialist;1
special;1
speakers;1
spans;1
span;1
sounds;1
sorts;1
sophomore;1
something;1
soft;1
smartphone;1
smaller;1
simulation;1
show;1
shifting;1
shift;1
shelves;1
shell;1
she;1
shape;1
setups;1
serving;1
sentence;1
sensibility;1
send;1
semesters;1
semantics;1
selling;1
seeks;1
seek;1
second;1
seasoned;1
searching;1
search;1
scrum;1
screen;1
schemas;1
scenarios;1
scanning;1
scaling;1
scales;1
saving;1
save;1
sanity;1
runs;1
router;1
rooms;1
room;1
rollouts;1
robotics;1
rising;1
rigorous;1
rewards;1
revenue;1
retention;1
retains;1
restructure;1
restores;1
responds;1
respecting;1
respected;1
representation;1
represent;1
replaces;1
repairing;1
renewable;1
removal;1
remain;1
relocate;1
reimbursement;1
reimbursed;1
refers;1
referencing;1
recurrence;1
recruitment;1
recognized;1
recognition;1
receives;1
received;1
receipt;1
realized;1
readying;1
rapport;1
rapidly;1
raise;1
racks;1
quo;1
queue;1
qa;1
qTest;1
push;1
purchasing;1
punch;1
prudent;1
proximity;1
provided;1
protections;1
propositions;1
promptly;1
profitable;1
profile;1
proficiencies;1
professionally;1
producing;1
procurement;1
probable;1
prioritized;1
prints;1
primarily;1
preserve;1
preprocessors;1
prepared;1
predictive;1
predictably;1
practice;1
powered;1
pounds;1
possibility;1
possessing;1
portfolios;1
pool;1
pm;1
plug;1
places;1
place;1
pilot;1
pieces;1
physics;1
pharmaceutical;1
persuasive;1
persuasion;1
percentages;1
peer;1
peak;1
pdf;1
pattern;1
path;1
passaging;1
partnering;1
particular;1
participation;1
parents;1
pages;1
page;1
owning;1
overseen;1
overarching;1
outputs;1
outlines;1
organizes;1
organize;1
optimizations;1
operates;1
openness;1
opening;1
officers;1
occasionally;1
observable;1
numerous;1
noise;1
nice;1
neuroscience;1
neighbors;1
negligible;1
navigates;1
nationwide;1
name;1
mutual;1
multiplication;1
monthly;1
month;1
mockups;1
missions;1
minimizing;1
mindset;1
military;1
mileage;1
mid;1
micro;1
mergers;1
mentors;1
mentored;1
mental;1
memberships;1
mediate;1
measures;1
measure;1
maximum;1
mass;1
manipulations;1
manipulation;1
mandate;1
managed;1
maker;1
majority;1
maintained;1
mainly;1
mainframe;1
main;1
loop;1
lookups;1
logmein;1
logistics;1
log;1
listener;1
lifelong;1
library;1
liaison;1
let;1
lessons;1
lens;1
legislative;1
led;1
learned;1
layouts;1
laying;1
laws;1
landscape;1
keys;1
k;1
juggle;1
judicial;1
judgements;1
judgement;1
js;1
jQuery;1
isolating;1
invigorated;1
intrusion;1
introductions;1
introduce;1
intermediate;1
interdependencies;1
institutional;1
installed;1
insightful;1
insight;1
initiate;1
ingest;1
infrastructures;1
informed;1
indoors;1
increasing;1
incoming;1
inception;1
incentive;1
impacting;1
immunology;1
identifying;1
ideation;1
ide;1
iconography;1
iPhone;1
iContact;1
i;1
humor;1
humility;1
huge;1
http;1
hour;1
hope;1
homes;1
holidays;1
hoc;1
hobby;1
hire;1
him;1
highest;1
hidden;1
herself;1
here;1
helps;1
held;1
heat;1
he;1
handoff;1
guides;1
gray;1
grassroots;1
grasping;1
grasp;1
graphs;1
graduating;1
governing;1
goes;1
glove;1
globe;1
glitches;1
giving;1
generic;1
gathered;1
gaps;1
gamut;1
gain;1
further;1
funds;1
funding;1
functioning;1
fun;1
fulfill;1
frequent;1
freight;1
free;1
fragments;1
fractions;1
fostering;1
formulate;1
forms;1
formerly;1
formats;1
formally;1
followed;1
folders;1
fluently;1
flight;1
flex;1
fixing;1
fiscal;1
finished;1
final;1
filesystems;1
feels;1
fantastic;1
failover;1
facilitating;1
facets;1
extrapolate;1
exploring;1
exploratory;1
experts;1
expense;1
expansion;1
expanding;1
exercising;1
exemplary;1
exchange;1
exceptionally;1
exceeds;1
example;1
exam;1
ex;1
evidence;1
evening;1
evaluated;1
establishes;1
entries;1
entity;1
entering;1
entails;1
ensemble;1
enquiries;1
enough;1
enlistment;1
enhancements;1
encryption;1
encounter;1
empowering;1
employer;1
employed;1
embrace;1
elicit;1
electricians;1
electric;1
eighty;1
efficiencies;1
effects;1
educators;1
editors;1
editor;1
edit;1
eNewsletters;1
eMASS;1
dump;1
drives;1
don;1
documented;1
divisions;1
dissimilar;1
disruptive;1
disruptions;1
displays;1
display;1
disease;1
discussions;1
discussion;1
disabilities;1
directives;1
diplomacy;1
dining;1
dimensionality;1
diligently;1
diligence;1
digestible;1
difference;1
dev;1
determined;1
determine;1
designee;1
describing;1
describes;1
deployed;1
dental;1
demos;1
demonstrates;1
demonstrable;1
demands;1
deliverable;1
defense;1
defect;1
default;1
deduction;1
dedication;1
decisiveness;1
deal;1
days;1
dance;1
customized;1
curricular;1
culturally;1
cultural;1
culling;1
crisis;1
crews;1
credit;1
creatives;1
courses;1
counselors;1
copying;1
coordinates;1
conversions;1
conversion;1
controllers;1
contribution;1
containers;1
consult;1
connect;1
confident;1
conduct;1
concurrent;1
concentrations;1
computerized;1
complexities;1
compilers;1
competency;1
competencies;1
compelled;1
companies;1
committees;1
collectively;1
collateral;1
collaborates;1
cold;1
cogently;1
coded;1
closure;1
closet;1
clientele;1
clerical;1
cleaning;1
classifiers;1
clarify;1
city;1
choose;1
cheat;1
certificate;1
cells;1
cannot;1
cancer;1
campaigns;1
calculate;1
builds;1
builder;1
bring;1
bridges;1
brands;1
branched;1
book;1
blockchain;1
blend;1
blasts;1
blade;1
biology;1
billion;1
bias;1
beneficial;1
believe;1
becoming;1
beautiful;1
barriers;1
backups;1
bachelor;1
authoring;1
auditing;1
auction;1
attracts;1
attending;1
attend;1
attempt;1
attachment;1
assuring;1
associations;1
assisting;1
assimilated;1
assigns;1
assign;1
arts;1
arrangements;1
archival;1
architects;1
appraise;1
antivirus;1
answered;1
anomalies;1
annotation;1
analytically;1
analog;1
amazing;1
alternative;1
allow;1
allegations;1
aligns;1
aligned;1
al;1
ahead;1
ages;1
age;1
affinity;1
advisor;1
advising;1
advise;1
add;1
actions;1
acquisitions;1
achieved;1
accountant;1
accountability;1
accomplish;1
accommodating;1
accessible;1
accepted;1
accelerate;1
academically;1
abuse;1
Zoom;1
Zephyr;1
ZenDesk;1
Zapier;1
Writers;1
Worldwide;1
Workday;1
Who;1
Whether;1
When;1
Watson;1
WP;1
WE;1
WDE;1
Voice;1
Vmware;1
Vision;1
Virtual;1
Viewer;1
Version;1
Verifies;1
Variance;1
Valid;1
VPs;1
VMO;1
VLAN;1
VFX;1
VALUE;1
Utilizing;1
Unreal;1
Ultimately;1
USA;1
URL;1
Typing;1
Twilio;1
Transfer;1
Trading;1
Timely;1
Tiger;1
Thursdays;1
Theory;1
Tensorflow;1
Teach;1
Tableau;1
TM;1
TELECOMMUTING;1
TECHNOLOGY;1
TCEA;1
Supporting;1
Supplemental;1
Suggest;1
Successfully;1
Successful;1
Subsidiary;1
Study;1
Strongly;1
Strength;1
Strategic;1
Staying;1
Stat;1
Start;1
Stand;1
Stable;1
Squarespace;1
Spring;1
Spectrum;1
Speak;1
Spanish;1
Spacy;1
Sophos;1
Solidworks;1
Sociology;1
Snowflake;1
Small;1
Slack;1
Skype;1
Skill;1
Situational;1
Signal;1
Siebel;1
Should;1
Sharepoint;1
Serves;1
Servers;1
Serve;1
Sensory;1
Semantic;1
Securities;1
Scrum;1
Schools;1
Sawzall;1
Sass;1
Salvaging;1
STUDENT;1
STRAP;1
SPECIAL;1
SPA;1
SOPs;1
SMEs;1
SME;1
SMA;1
SEND;1
SEM;1
SECRET;1
Rules;1
Router;1
Rising;1
Rise;1
Revise;1
Returning;1
Response;1
Respond;1
Resolve;1
Resident;1
Researching;1
Remain;1
Relevant;1
Recover;1
Receive;1
Real;1
ReactJS;1
RESEARCH;1
REQUIREMENTS;1
REQUIRED;1
RDP;1
Queens;1
Quarterly;1
Purpose;1
Punctuality;1
Pulse;1
PubMed;1
Providing;1
Propose;1
Properly;1
Produce;1
Procure;1
Processors;1
Process;1
Pricing;1
Press;1
Preference;1
Pre;1
Prague;1
Practitioner;1
Practices;1
PowerShell;1
Possess;1
Positions;1
Permanent;1
Perl;1
Performance;1
Pelco;1
Pearl;1
Partnering;1
Participation;1
Park;1
Panic;1
PROFESSIONAL;1
PR;1
PMP;1
PKE;1
PI;1
PHD;1
PCP;1
Owns;1
Ownership;1
Owners;1
Overseeing;1
Overland;1
Outgoing;1
Organizes;1
Organizational;1
Organization;1
Oozie;1
Only;1
Once;1
Offer;1
Oculus;1
ORSURS;1
OPWDD;1
OPT;1
OBIEE;1
Not;1
NoSQL;1
Nice;1
NetworkMaine;1
NetScaler;1
Need;1
Natural;1
National;1
NOT;1
NLTK;1
NLP;1
NIST;1
NIPS;1
NATIONALGUARD;1
Multiple;1
Most;1
Monitoring;1
Mondays;1
ModelerManager;1
Modeler;1
Model;1
Methodologies;1
Mechanical;1
Measure;1
McAfee;1
Matter;1
MapReduce;1
Manhattan;1
Mandatory;1
Managed;1
Maintaining;1
Macs;1
Macintosh;1
Machinery;1
MDT;1
Lunch;1
Love;1
Lines;1
Line;1
Libraries;1
Liaison;1
Liaise;1
Lean;1
Leading;1
Laptops;1
LINUX;1
LESS;1
LANDesk;1
Kira;1
Keyscan;1
Keeps;1
Kafka;1
KACE;1
Jr;1
JQuery;1
Island;1
Intune;1
Intercoms;1
Integrate;1
Inquisitive;1
Influence;1
Inflo;1
InVision;1
Improvements;1
Implementation;1
Implement;1
Illustrator;1
ISD;1
IPT;1
IMPROVEMENT;1
II;1
ICCV;1
IATT;1
IATC;1
Hue;1
Hubspot;1
How;1
Holdings;1
Hive;1
Hire;1
Helps;1
Healthcare;1
Headquarters;1
Head;1
Hbase;1
Haves;1
Hardware;1
HLSL;1
HIPAA;1
HCatalog;1
Guard;1
Graphs;1
Graphics;1
Graduation;1
Graduating;1
Got;1
Go;1
GitLab;1
Get;1
Genesis;1
Game;1
Gain;1
GSLC;1
GROWTH;1
GPU;1
GIT;1
GIS;1
GAX;1
GA;1
G;1
Futures;1
Frequent;1
Freight;1
Foundational;1
Forensics;1
Forbes;1
FootFall;1
Focuses;1
Fluent;1
Fisher;1
Fielding;1
Fall;1
FM;1
FISCAL;1
FCI;1
FACILITIES;1
External;1
Extensive;1
Expedite;1
Expectations;1
Exert;1
Executes;1
Excited;1
Excellence;1
Ex;1
Even;1
Europe;1
Ethereum;1
Environmental;1
Ensuring;1
Embodiment;1
Electrical;1
Elasticsearch;1
Efile;1
Efficient;1
Economics;1
Eclipse;1
EMNLP;1
EEO;1
ECUs;1
Drives;1
DoDI;1
Do;1
Discounts;1
Directing;1
Diligent;1
Devise;1
Developers;1
Determines;1
Determinations;1
Desktops;1
Denver;1
Define;1
Daily;1
DOE;1
DO;1
DMZ;1
Customs;1
Curiosity;1
Culture;1
Cryptographic;1
Creating;1
Coverage;1
Corrected;1
Coordinating;1
Controls;1
Contribution;1
Continuity;1
Continue;1
Construct;1
Constant;1
Consideration;1
Conducts;1
Components;1
Compliance;1
Compiles;1
Competencies;1
Communication;1
Commitment;1
Clerk;1
City;1
Check;1
Chatbots;1
Chat;1
Changes;1
Challenges;1
Certificate;1
Centric;1
Centers;1
Cell;1
Carry;1
Careers;1
Camp;1
California;1
CVPR;1
COMSEC;1
COMMUNITY;1
COBIT;1
CM;1
CLIMATE;1
CJIS;1
CCPA;1
CASP;1
Brokerage;1
Breach;1
Bot;1
Board;1
Blackberry;1
Bitlocker;1
BiAmp;1
Become;1
Based;1
Bahasa;1
Backups;1
Background;1
BU;1
BSC;1
BOSCH;1
Avro;1
Augmented;1
Attention;1
Associated;1
Assistants;1
Arsenal;1
Arrange;1
Army;1
Architectures;1
Arbortext;1
Approval;1
Approaches;1
Apache;1
Anticipated;1
Angular;1
Analyzes;1
Aligns;1
Advise;1
Admin;1
Additionally;1
Acrobat;1
Achieves;1
Achieve;1
Accuracy;1
Accredited;1
Accident;1
Abuse;1
ATC;1
ARCore;1
APIs;1
AOP;1
ANALYST;1
ADA;1
AA;1
